"Id","OwnerId","IsDeleted","Name","CreatedDate","CreatedById","LastModifiedDate","LastModifiedById","SystemModstamp","LastViewedDate","LastReferencedDate","nFORCE__Archived_Date__c","nFORCE__Context_Id__c","nFORCE__Context_Owner_Id__c","nFORCE__Is_Archived__c","nFORCE__Label__c","nFORCE__Question__c","nFORCE__Answer__c","nFORCE__Currency_Answer__c","nFORCE__Number_Answer__c","AutorabitExtId__c"
"a1K8c00000gzIYKEA2","0058c00000BxeO9AAJ","false","A-000157","2022-03-29T14:36:02.000Z","0058c00000BxeO9AAJ","2024-11-08T14:35:59.000Z","0058c00000BxeO9AAJ","2024-11-08T14:35:59.000Z","","","","","0038c00002jfz6AAAQ","false","","a308c000000GIOWAA4","","","",""
"a1K8c00000gzIYLEA2","0058c00000BxeO9AAJ","false","A-000158","2022-03-29T14:36:02.000Z","0058c00000BxeO9AAJ","2024-11-08T14:35:59.000Z","0058c00000BxeO9AAJ","2024-11-08T14:35:59.000Z","","","","","0038c00002jfz6AAAQ","false","","a308c000000GIOXAA4","","","",""
"a1K8c00000gzIYMEA2","0058c00000BxeO9AAJ","false","A-000159","2022-03-29T14:36:02.000Z","0058c00000BxeO9AAJ","2024-11-08T14:35:59.000Z","0058c00000BxeO9AAJ","2024-11-08T14:35:59.000Z","","","","","0038c00002jfz6AAAQ","false","","a308c000000GIOYAA4","","","",""
"a1K8c00000gzIYNEA2","0058c00000BxeO9AAJ","false","A-000160","2022-03-29T14:36:02.000Z","0058c00000BxeO9AAJ","2024-11-08T14:35:59.000Z","0058c00000BxeO9AAJ","2024-11-08T14:35:59.000Z","","","","","0038c00002jfz6AAAQ","false","","a308c000000GIOZAA4","","","",""
"a1K8c00000iVnPREA0","0058c00000BxeO9AAJ","false","A-000623","2024-12-20T08:44:51.000Z","0058c00000BxeO9AAJ","2024-12-20T08:44:51.000Z","0058c00000BxeO9AAJ","2024-12-20T08:44:51.000Z","2024-12-20T08:44:51.000Z","2024-12-20T08:44:51.000Z","","a0i8c00000TrLhCAAV","","false","","a308c000000BgpsAAC","","","",""
"a1K8c00000iVnPSEA0","0058c00000BxeO9AAJ","false","A-000624","2024-12-20T08:44:51.000Z","0058c00000BxeO9AAJ","2024-12-20T08:44:51.000Z","0058c00000BxeO9AAJ","2024-12-20T08:44:51.000Z","2024-12-20T08:44:51.000Z","2024-12-20T08:44:51.000Z","","a0i8c00000TrLhCAAV","","false","","a308c000000lZIcAAM","","","",""
"a1K8c00000iVnPTEA0","0058c00000BxeO9AAJ","false","A-000625","2024-12-20T08:44:51.000Z","0058c00000BxeO9AAJ","2024-12-20T08:44:51.000Z","0058c00000BxeO9AAJ","2024-12-20T08:44:51.000Z","2024-12-20T08:44:51.000Z","2024-12-20T08:44:51.000Z","","a0i8c00000TrLhCAAV","","false","","a308c000000dYTcAAM","","","",""
"a1K8c00000iVnPUEA0","0058c00000BxeO9AAJ","false","A-000626","2024-12-20T08:44:51.000Z","0058c00000BxeO9AAJ","2024-12-20T08:44:51.000Z","0058c00000BxeO9AAJ","2024-12-20T08:44:51.000Z","2024-12-20T08:44:51.000Z","2024-12-20T08:44:51.000Z","","a0i8c00000TrLhCAAV","","false","","a308c000000dYSOAA2","","","",""
"a1K8c00000iVnPVEA0","0058c00000BxeO9AAJ","false","A-000627","2024-12-20T08:44:51.000Z","0058c00000BxeO9AAJ","2024-12-20T08:44:51.000Z","0058c00000BxeO9AAJ","2024-12-20T08:44:51.000Z","2024-12-20T08:44:51.000Z","2024-12-20T08:44:51.000Z","","a0i8c00000TrLhCAAV","","false","","a308c000000GIOsAAO","","","",""
"a1K8c00000iVnPWEA0","0058c00000BxeO9AAJ","false","A-000628","2024-12-20T08:44:51.000Z","0058c00000BxeO9AAJ","2024-12-20T08:44:51.000Z","0058c00000BxeO9AAJ","2024-12-20T08:44:51.000Z","2024-12-20T08:44:51.000Z","2024-12-20T08:44:51.000Z","","a0i8c00000TrLhCAAV","","false","","a308c000000BgzRAAS","","","",""
"a1K8c00000iVnPXEA0","0058c00000BxeO9AAJ","false","A-000629","2024-12-20T08:44:51.000Z","0058c00000BxeO9AAJ","2024-12-20T08:44:51.000Z","0058c00000BxeO9AAJ","2024-12-20T08:44:51.000Z","2024-12-20T08:44:51.000Z","2024-12-20T08:44:51.000Z","","a0i8c00000TrLhCAAV","","false","","a308c000000dYTdAAM","","","",""
"a1K8c00000iVnPYEA0","0058c00000BxeO9AAJ","false","A-000630","2024-12-20T08:44:51.000Z","0058c00000BxeO9AAJ","2024-12-20T08:44:51.000Z","0058c00000BxeO9AAJ","2024-12-20T08:44:51.000Z","2024-12-20T08:44:51.000Z","2024-12-20T08:44:51.000Z","","a0i8c00000TrLhCAAV","","false","","a308c000000dYTeAAM","","","",""
"a1K8c00000iVnPZEA0","0058c00000BxeO9AAJ","false","A-000631","2024-12-20T08:44:51.000Z","0058c00000BxeO9AAJ","2024-12-20T08:44:51.000Z","0058c00000BxeO9AAJ","2024-12-20T08:44:51.000Z","2024-12-20T08:44:51.000Z","2024-12-20T08:44:51.000Z","","a0i8c00000TrLhCAAV","","false","","a308c000000dYTfAAM","","","",""
"a1K8c00000iVnPaEAK","0058c00000BxeO9AAJ","false","A-000632","2024-12-20T08:44:51.000Z","0058c00000BxeO9AAJ","2024-12-20T08:44:51.000Z","0058c00000BxeO9AAJ","2024-12-20T08:44:51.000Z","2024-12-20T08:44:51.000Z","2024-12-20T08:44:51.000Z","","a0i8c00000TrLhCAAV","","false","","a308c000000dYTgAAM","","","",""
"a1K8c00000iVnPbEAK","0058c00000BxeO9AAJ","false","A-000633","2024-12-20T08:44:51.000Z","0058c00000BxeO9AAJ","2024-12-20T08:44:51.000Z","0058c00000BxeO9AAJ","2024-12-20T08:44:51.000Z","2024-12-20T08:44:51.000Z","2024-12-20T08:44:51.000Z","","a0i8c00000TrLhCAAV","","false","","a308c000000dYThAAM","","","",""
"a1K8c00000iVnPcEAK","0058c00000BxeO9AAJ","false","A-000634","2024-12-20T08:44:51.000Z","0058c00000BxeO9AAJ","2024-12-20T08:44:51.000Z","0058c00000BxeO9AAJ","2024-12-20T08:44:51.000Z","2024-12-20T08:44:51.000Z","2024-12-20T08:44:51.000Z","","a0i8c00000TrLhCAAV","","false","","a308c000000dYTrAAM","","","",""
"a1K8c00000iVnPdEAK","0058c00000BxeO9AAJ","false","A-000635","2024-12-20T08:44:51.000Z","0058c00000BxeO9AAJ","2024-12-20T08:44:51.000Z","0058c00000BxeO9AAJ","2024-12-20T08:44:51.000Z","2024-12-20T08:44:51.000Z","2024-12-20T08:44:51.000Z","","a0i8c00000TrLhCAAV","","false","","a308c000000Bgq8AAC","","","",""
"a1K8c00000iVnPeEAK","0058c00000BxeO9AAJ","false","A-000636","2024-12-20T08:44:51.000Z","0058c00000BxeO9AAJ","2024-12-20T08:44:51.000Z","0058c00000BxeO9AAJ","2024-12-20T08:44:51.000Z","2024-12-20T08:44:51.000Z","2024-12-20T08:44:51.000Z","","a0i8c00000TrLhCAAV","","false","","a308c000000lZIsAAM","","","",""
"a1K8c00000iVnPfEAK","0058c00000BxeO9AAJ","false","A-000637","2024-12-20T08:44:51.000Z","0058c00000BxeO9AAJ","2024-12-20T08:44:51.000Z","0058c00000BxeO9AAJ","2024-12-20T08:44:51.000Z","2024-12-20T08:44:51.000Z","2024-12-20T08:44:51.000Z","","a0i8c00000TrLhCAAV","","false","","a308c000000dYSkAAM","","","",""
"a1K8c00000iVnPgEAK","0058c00000BxeO9AAJ","false","A-000638","2024-12-20T08:44:51.000Z","0058c00000BxeO9AAJ","2024-12-20T08:44:51.000Z","0058c00000BxeO9AAJ","2024-12-20T08:44:51.000Z","2024-12-20T08:44:51.000Z","2024-12-20T08:44:51.000Z","","a0i8c00000TrLhCAAV","","false","","a308c000000GIP8AAO","","","",""
"a1K8c00000iVnPhEAK","0058c00000BxeO9AAJ","false","A-000639","2024-12-20T08:44:51.000Z","0058c00000BxeO9AAJ","2024-12-20T08:44:51.000Z","0058c00000BxeO9AAJ","2024-12-20T08:44:51.000Z","2024-12-20T08:44:51.000Z","2024-12-20T08:44:51.000Z","","a0i8c00000TrLhCAAV","","false","","a308c000000BgziAAC","","","",""
"a1K8c00000iVnPiEAK","0058c00000BxeO9AAJ","false","A-000640","2024-12-20T09:16:51.000Z","0058c00000BxeO9AAJ","2024-12-20T09:16:51.000Z","0058c00000BxeO9AAJ","2024-12-20T09:16:51.000Z","2024-12-20T09:16:51.000Z","2024-12-20T09:16:51.000Z","","a0i8c00000VXx5TAAT","","false","","a308c000000BgpbAAC","","","",""
"a1K8c00000iVnPjEAK","0058c00000BxeO9AAJ","false","A-000641","2024-12-20T09:16:51.000Z","0058c00000BxeO9AAJ","2024-12-20T09:16:51.000Z","0058c00000BxeO9AAJ","2024-12-20T09:16:51.000Z","2024-12-20T09:16:51.000Z","2024-12-20T09:16:51.000Z","","a0i8c00000VXx5TAAT","","false","","a308c000000GIOaAAO","","","",""
"a1K8c00000iVnPkEAK","0058c00000BxeO9AAJ","false","A-000642","2024-12-20T09:16:51.000Z","0058c00000BxeO9AAJ","2024-12-20T09:16:51.000Z","0058c00000BxeO9AAJ","2024-12-20T09:16:51.000Z","2024-12-20T09:16:51.000Z","2024-12-20T09:16:51.000Z","","a0i8c00000VXx5TAAT","","false","","a308c000000dYTNAA2","","","",""
"a1K8c00000iVnPlEAK","0058c00000BxeO9AAJ","false","A-000643","2024-12-20T09:16:51.000Z","0058c00000BxeO9AAJ","2024-12-20T09:16:51.000Z","0058c00000BxeO9AAJ","2024-12-20T09:16:51.000Z","2024-12-20T09:16:51.000Z","2024-12-20T09:16:51.000Z","","a0i8c00000VXx5TAAT","","false","","a308c000000dYS4AAM","","","",""
"a1K8c00000iVnPmEAK","0058c00000BxeO9AAJ","false","A-000644","2024-12-20T09:16:51.000Z","0058c00000BxeO9AAJ","2024-12-20T09:16:51.000Z","0058c00000BxeO9AAJ","2024-12-20T09:16:51.000Z","2024-12-20T09:16:51.000Z","2024-12-20T09:16:51.000Z","","a0i8c00000VXx5TAAT","","false","","a308c000000Bgz9AAC","","","",""
"a1K8c00000iVnPnEAK","0058c00000BxeO9AAJ","false","A-000645","2024-12-20T09:16:51.000Z","0058c00000BxeO9AAJ","2024-12-20T09:16:51.000Z","0058c00000BxeO9AAJ","2024-12-20T09:16:51.000Z","2024-12-20T09:16:51.000Z","2024-12-20T09:16:51.000Z","","a0i8c00000VXx5TAAT","","false","","a308c000000lZILAA2","","","",""
"a1K8c00000iVnPoEAK","0058c00000BxeO9AAJ","false","A-000646","2024-12-20T09:16:51.000Z","0058c00000BxeO9AAJ","2024-12-20T09:16:51.000Z","0058c00000BxeO9AAJ","2024-12-20T09:16:51.000Z","2024-12-20T09:16:51.000Z","2024-12-20T09:16:51.000Z","","a0i8c00000VXx5TAAT","","false","","a308c000000dYTOAA2","","","",""
"a1K8c00000iVnPpEAK","0058c00000BxeO9AAJ","false","A-000647","2024-12-20T09:16:51.000Z","0058c00000BxeO9AAJ","2024-12-20T09:16:51.000Z","0058c00000BxeO9AAJ","2024-12-20T09:16:51.000Z","2024-12-20T09:16:51.000Z","2024-12-20T09:16:51.000Z","","a0i8c00000VXx5TAAT","","false","","a308c000000Bgq6AAC","","","",""
"a1K8c00000iVnPqEAK","0058c00000BxeO9AAJ","false","A-000648","2024-12-20T09:16:51.000Z","0058c00000BxeO9AAJ","2024-12-20T09:16:51.000Z","0058c00000BxeO9AAJ","2024-12-20T09:16:51.000Z","2024-12-20T09:16:51.000Z","2024-12-20T09:16:51.000Z","","a0i8c00000VXx5TAAT","","false","","a308c000000GIP6AAO","","","",""
"a1K8c00000iVnPrEAK","0058c00000BxeO9AAJ","false","A-000649","2024-12-20T09:16:51.000Z","0058c00000BxeO9AAJ","2024-12-20T09:16:51.000Z","0058c00000BxeO9AAJ","2024-12-20T09:16:51.000Z","2024-12-20T09:16:51.000Z","2024-12-20T09:16:51.000Z","","a0i8c00000VXx5TAAT","","false","","a308c000000dYSdAAM","","","",""
"a1K8c00000iVnPsEAK","0058c00000BxeO9AAJ","false","A-000650","2024-12-20T09:16:51.000Z","0058c00000BxeO9AAJ","2024-12-20T09:16:51.000Z","0058c00000BxeO9AAJ","2024-12-20T09:16:51.000Z","2024-12-20T09:16:51.000Z","2024-12-20T09:16:51.000Z","","a0i8c00000VXx5TAAT","","false","","a308c000000dYUNAA2","","","",""
"a1K8c00000iVnPtEAK","0058c00000BxeO9AAJ","false","A-000651","2024-12-20T09:16:51.000Z","0058c00000BxeO9AAJ","2024-12-20T09:16:51.000Z","0058c00000BxeO9AAJ","2024-12-20T09:16:51.000Z","2024-12-20T09:16:51.000Z","2024-12-20T09:16:51.000Z","","a0i8c00000VXx5TAAT","","false","","a308c000000BgzgAAC","","","",""
"a1K8c00000iVnPuEAK","0058c00000BxeO9AAJ","false","A-000652","2024-12-20T09:16:51.000Z","0058c00000BxeO9AAJ","2024-12-20T09:16:51.000Z","0058c00000BxeO9AAJ","2024-12-20T09:16:51.000Z","2024-12-20T09:16:51.000Z","2024-12-20T09:16:51.000Z","","a0i8c00000VXx5TAAT","","false","","a308c000000lZIqAAM","","","",""
"a1K8c00000iVnPvEAK","0058c00000BxeO9AAJ","false","A-000653","2024-12-20T09:16:51.000Z","0058c00000BxeO9AAJ","2024-12-20T09:16:51.000Z","0058c00000BxeO9AAJ","2024-12-20T09:16:51.000Z","2024-12-20T09:16:51.000Z","2024-12-20T09:16:51.000Z","","a0i8c00000VXx5TAAT","","false","","a308c000000BgpeAAC","","","",""
"a1K8c00000iVnPwEAK","0058c00000BxeO9AAJ","false","A-000654","2024-12-20T09:16:51.000Z","0058c00000BxeO9AAJ","2024-12-20T09:16:51.000Z","0058c00000BxeO9AAJ","2024-12-20T09:16:51.000Z","2024-12-20T09:16:51.000Z","2024-12-20T09:16:51.000Z","","a0i8c00000VXx5TAAT","","false","","a308c000000GIOeAAO","","","",""
"a1K8c00000iVnPxEAK","0058c00000BxeO9AAJ","false","A-000655","2024-12-20T09:16:51.000Z","0058c00000BxeO9AAJ","2024-12-20T09:16:51.000Z","0058c00000BxeO9AAJ","2024-12-20T09:16:51.000Z","2024-12-20T09:16:51.000Z","2024-12-20T09:16:51.000Z","","a0i8c00000VXx5TAAT","","false","","a308c000000dYTPAA2","","","",""
"a1K8c00000iVnPyEAK","0058c00000BxeO9AAJ","false","A-000656","2024-12-20T09:16:51.000Z","0058c00000BxeO9AAJ","2024-12-20T09:16:51.000Z","0058c00000BxeO9AAJ","2024-12-20T09:16:51.000Z","2024-12-20T09:16:51.000Z","2024-12-20T09:16:51.000Z","","a0i8c00000VXx5TAAT","","false","","a308c000000dYS8AAM","","","",""
"a1K8c00000iVnPzEAK","0058c00000BxeO9AAJ","false","A-000657","2024-12-20T09:16:51.000Z","0058c00000BxeO9AAJ","2024-12-20T09:16:51.000Z","0058c00000BxeO9AAJ","2024-12-20T09:16:51.000Z","2024-12-20T09:16:51.000Z","2024-12-20T09:16:51.000Z","","a0i8c00000VXx5TAAT","","false","","a308c000000BgzDAAS","","","",""
"a1K8c00000iVnQ0EAK","0058c00000BxeO9AAJ","false","A-000658","2024-12-20T09:16:51.000Z","0058c00000BxeO9AAJ","2024-12-20T09:16:51.000Z","0058c00000BxeO9AAJ","2024-12-20T09:16:51.000Z","2024-12-20T09:16:51.000Z","2024-12-20T09:16:51.000Z","","a0i8c00000VXx5TAAT","","false","","a308c000000lZIOAA2","","","",""
"a1K8c00000iVnQ1EAK","0058c00000BxeO9AAJ","false","A-000659","2024-12-20T09:16:51.000Z","0058c00000BxeO9AAJ","2024-12-20T09:16:51.000Z","0058c00000BxeO9AAJ","2024-12-20T09:16:51.000Z","2024-12-20T09:16:51.000Z","2024-12-20T09:16:51.000Z","","a0i8c00000VXx5TAAT","","false","","a308c000000dYTRAA2","","","",""
"a1K8c00000iVnQ2EAK","0058c00000BxeO9AAJ","false","A-000660","2024-12-20T09:16:51.000Z","0058c00000BxeO9AAJ","2024-12-20T09:16:51.000Z","0058c00000BxeO9AAJ","2024-12-20T09:16:51.000Z","2024-12-20T09:16:51.000Z","2024-12-20T09:16:51.000Z","","a0i8c00000VXx5TAAT","","false","","a308c000000BgpjAAC","","","",""
"a1K8c00000iVnQ3EAK","0058c00000BxeO9AAJ","false","A-000661","2024-12-20T09:16:51.000Z","0058c00000BxeO9AAJ","2024-12-20T09:16:51.000Z","0058c00000BxeO9AAJ","2024-12-20T09:16:51.000Z","2024-12-20T09:16:51.000Z","2024-12-20T09:16:51.000Z","","a0i8c00000VXx5TAAT","","false","","a308c000000GIOjAAO","","","",""
"a1K8c00000iVnQ4EAK","0058c00000BxeO9AAJ","false","A-000662","2024-12-20T09:16:51.000Z","0058c00000BxeO9AAJ","2024-12-20T09:16:51.000Z","0058c00000BxeO9AAJ","2024-12-20T09:16:51.000Z","2024-12-20T09:16:51.000Z","2024-12-20T09:16:51.000Z","","a0i8c00000VXx5TAAT","","false","","a308c000000dYTlAAM","","","",""
"a1K8c00000jTSUfEAO","0058c00000BxeO9AAJ","false","A-000161","2024-03-29T15:27:15.000Z","0058c00000BxeO9AAJ","2024-11-08T14:35:59.000Z","0058c00000BxeO9AAJ","2024-11-08T14:35:59.000Z","","","","","0038c00002jfz6AAAQ","false","","a308c000000GIOWAA4","","","","a1K8c00000gzIYKEA2"
"a1K8c00000jTSUgEAO","0058c00000BxeO9AAJ","false","A-000162","2024-03-29T15:27:15.000Z","0058c00000BxeO9AAJ","2024-11-08T14:35:59.000Z","0058c00000BxeO9AAJ","2024-11-08T14:35:59.000Z","","","","","0038c00002jfz6AAAQ","false","","a308c000000GIOXAA4","","","","a1K8c00000gzIYLEA2"
"a1K8c00000jTSUhEAO","0058c00000BxeO9AAJ","false","A-000163","2024-03-29T15:27:15.000Z","0058c00000BxeO9AAJ","2024-11-08T14:35:59.000Z","0058c00000BxeO9AAJ","2024-11-08T14:35:59.000Z","","","","","0038c00002jfz6AAAQ","false","","a308c000000GIOYAA4","","","","a1K8c00000gzIYMEA2"
"a1K8c00000jTSUiEAO","0058c00000BxeO9AAJ","false","A-000164","2024-03-29T15:27:15.000Z","0058c00000BxeO9AAJ","2024-11-08T14:35:59.000Z","0058c00000BxeO9AAJ","2024-11-08T14:35:59.000Z","","","","","0038c00002jfz6AAAQ","false","","a308c000000GIOZAA4","","","","a1K8c00000gzIYNEA2"
"a1K8c00000jTV4yEAG","0058c00000BxeO9AAJ","false","A-000165","2024-04-01T07:31:10.000Z","0058c00000BxeO9AAJ","2024-11-08T14:35:59.000Z","0058c00000BxeO9AAJ","2024-11-08T14:35:59.000Z","","","","","0038c00002jfz6AAAQ","false","","a308c000000GIOWAA4","","","","a1K8c00000jTSUfEAO"
"a1K8c00000jTV4zEAG","0058c00000BxeO9AAJ","false","A-000166","2024-04-01T07:31:10.000Z","0058c00000BxeO9AAJ","2024-11-08T14:35:59.000Z","0058c00000BxeO9AAJ","2024-11-08T14:35:59.000Z","","","","","0038c00002jfz6AAAQ","false","","a308c000000GIOXAA4","","","","a1K8c00000jTSUgEAO"
"a1K8c00000jTV50EAG","0058c00000BxeO9AAJ","false","A-000167","2024-04-01T07:31:10.000Z","0058c00000BxeO9AAJ","2024-11-08T14:35:59.000Z","0058c00000BxeO9AAJ","2024-11-08T14:35:59.000Z","","","","","0038c00002jfz6AAAQ","false","","a308c000000GIOYAA4","","","","a1K8c00000jTSUhEAO"
"a1K8c00000jTV51EAG","0058c00000BxeO9AAJ","false","A-000168","2024-04-01T07:31:10.000Z","0058c00000BxeO9AAJ","2024-11-08T14:35:59.000Z","0058c00000BxeO9AAJ","2024-11-08T14:35:59.000Z","","","","","0038c00002jfz6AAAQ","false","","a308c000000GIOZAA4","","","","a1K8c00000jTSUiEAO"
"a1K8c00000kDqDMEA0","0058c00000BxeO9AAJ","false","A-000169","2024-04-02T20:43:21.000Z","0058c00000BxeO9AAJ","2024-11-08T14:35:59.000Z","0058c00000BxeO9AAJ","2024-11-08T14:35:59.000Z","","","","","0038c00002jfz6AAAQ","false","","a308c000000GIOWAA4","","","","a1K8c00000jTV4yEAG"
"a1K8c00000kDqDNEA0","0058c00000BxeO9AAJ","false","A-000170","2024-04-02T20:43:21.000Z","0058c00000BxeO9AAJ","2024-11-08T14:35:59.000Z","0058c00000BxeO9AAJ","2024-11-08T14:35:59.000Z","","","","","0038c00002jfz6AAAQ","false","","a308c000000GIOXAA4","","","","a1K8c00000jTV4zEAG"
"a1K8c00000kDqDOEA0","0058c00000BxeO9AAJ","false","A-000171","2024-04-02T20:43:21.000Z","0058c00000BxeO9AAJ","2024-11-08T14:35:59.000Z","0058c00000BxeO9AAJ","2024-11-08T14:35:59.000Z","","","","","0038c00002jfz6AAAQ","false","","a308c000000GIOYAA4","","","","a1K8c00000jTV50EAG"
"a1K8c00000kDqDPEA0","0058c00000BxeO9AAJ","false","A-000172","2024-04-02T20:43:21.000Z","0058c00000BxeO9AAJ","2024-11-08T14:35:59.000Z","0058c00000BxeO9AAJ","2024-11-08T14:35:59.000Z","","","","","0038c00002jfz6AAAQ","false","","a308c000000GIOZAA4","","","","a1K8c00000jTV51EAG"
